"","replica","time","gap","est"
"1",1,46.058,0.0420847086552004,25
"2",2,46.33,0.0461106523589505,19
